ID_CC,Nombre,Capacidad,ID_DEPTO
964,"""Centro Cultural Voces Comunitarias Com Caia""",s/d,250.0
473,46 Multiespacio Cultural,s/d,257.0
242,921 Casa Cultural,50.0,112.0
408,"ALMA, Espacio de Arte",s/d,150.0
101,"ANDUMA, ESPACIO CULTURAL",s/d,112.0
175,ARQUEOTERRA ,s/d,112.0
758,Actitud Pandora,s/d,149.0
1044,Acuarelas del sur,s/d,82.0
607,Alas de Tigre,s/d,475.0
9,Alcarajo Centro Cultural,s/d,112.0
781,Alianza Francesa,s/d,495.0
649,Almazenna Teatro Casa de Culturas ,70.0,76.0
247,Alter Ego,90.0,112.0
251,Amarama Patio Cultural,s/d,112.0
210,Ame Triglav,s/d,112.0
952,Amigos del Arte - Centro de Cultura,180.0,90.0
415,América Libre,200.0,199.0
207,Area 623,s/d,112.0
860,Arpillera Centro Cultural,60.0,123.0
250,Arte Xxi,100.0,112.0
304,Arte en Movimiento,s/d,22.0
871,ArteFactum. Nodo de Arte y Experimentación,s/d,260.0
854,ArteRoga. Multiespacio Cultural.,s/d,228.0
578,Artenpie,s/d,370.0
211,Asoc. Civil La Bombocova,s/d,112.0
135,Asociacion Calabresa Mutual Y Cultural,s/d,112.0
925,Asociacion Civil Amigos de Merlo,s/d,246.0
38,Asociacion Civil Centro Cultural Deodoro Roca,20.0,112.0
997,Asociacion Civil Jóvenes Por Rosario,s/d,397.0
941,Asociacion Cultural Discepolin,s/d,221.0
266,Asociacion Ucrania De Cultura Provista En La Republica Argentina,150.0,112.0
574,Asociación Civil Amigos de “El Viaje de los Títeres”,s/d,370.0
623,Asociación Civil Centro Cultural Tiempos de Memoria,s/d,503.0
852,Asociación Civil El Centenario Educación para el Desarrollo de Eldorado,80.0,146.0
991,Asociación Civil Facultad Libre,s/d,397.0
624,Asociación Civil La Rueda Educación Popular,s/d,503.0
455,Asociación Cultural Daniel Omar Favero,s/d,257.0
314,Asociación Cultural y Folklórica Martín Fierro ,s/d,37.0
883,Asociación Grupo Cre-Arte,s/d,47.0
724,Asociación Italiana de Socorros Mutuos Giusseppe Mazzini,378.0,474.0
611,Asociación cultural Arte y Vida,s/d,487.0
610,Asociación de Fomento Martín Coronado,s/d,487.0
588,Ateneo Cultural Nestor Kirchner,s/d,421.0
56,Auditorio ATE Capital,s/d,112.0
148,Auditorio CTA Capital,s/d,112.0
427,Auditorio Hugo del Carril,s/d,203.0
881,Avivarte Centro Cultural Comunitario,s/d,47.0
86,Azucar De Artes Y Danzas Argentinas Afro Y Centroamericanas,800.0,112.0
342,Azucena Villaflor,s/d,37.0
1016,A´Ki Sala Cultural,s/d,397.0
646,BRUJA MULTIESPACIO,s/d,360.0
315,Barracas al Sud,s/d,37.0
181,Batacazo Cultural,50.0,112.0
96,Beethoven Cafe Bar,50.0,112.0
659,"Bendita, Arte y Sanación",s/d,76.0
36,Besares Club De Cultura,145.0,112.0
1008,Bohemia bar cultural,190.0,397.0
44,Bolivar 852,120.0,112.0
184,Bonus Truck,s/d,112.0
682,Buena Vista,s/d,115.0
1027,Buenas Raíces Club Cultural,150.0,428.0
111,Buenos Aires Dance Club,150.0,112.0
905,C.I.Arte,s/d,181.0
908,CABILDO DEL DUENDE AMIGO,s/d,399.0
738,CAMALOTE CENTRO CULTURAL ,s/d,419.0
54,CAMARGO 1020 ESPACIO DE ARTE,s/d,112.0
630,CASA DE LA CULTURA HILARIO ASCASUBI,s/d,507.0
78,CASA DE LA CULTURA LOS COMPADRES DEL HORIZONTE,s/d,112.0
439,CASA DE LA CULTURA PENSAR JUNIN,s/d,245.0
74,CECAM - Centro Cultural de las Artes del Movimiento,s/d,112.0
826,"CENTRO CULTURAL ""HOMBRITO ESTANZUELA""",s/d,210.0
769,CENTRO CULTURAL ALAS,s/d,215.0
35,CENTRO CULTURAL ASOCIACIÓN MUTUAL HOMERO MANZI,s/d,112.0
999,CENTRO CULTURAL GUEMES,659.0,397.0
706,CENTRO CULTURAL KAIKEN ,s/d,366.0
512,CENTRO CULTURAL MACÁ,s/d,257.0
806,CENTRO CULTURAL TARINAKUY,s/d,476.0
76,CENTRO DE DESARROLLO DEL TANGO Y LA CULTURA RIOPLATENSE,s/d,112.0
604,CENTRO SOCIAL Y CULTURAL LA VÍA,s/d,469.0
481,CIPAE,s/d,257.0
460,CIUDAD DE GATOS,s/d,257.0
975,CLUB ATLÉTICO VILLA DORA,420.0,517.0
1002,COMPLEJO CULTURAL ATLAS,s/d,397.0
526,CUATRO XXI,120.0,286.0
936,Cacho Camino,s/d,139.0
185,Cacuca,s/d,112.0
253,Caff - Club Atletico Fernandez Fierro,100.0,112.0
759,Calidez Cultural,s/d,167.0
75,Cangrejos Centro Cultural,s/d,112.0
726,"Cantalicio ""Club social y cultural""",200.0,80.0
529,Cantinflas,s/d,286.0
894,Carlos Canto,70.0,200.0
1,Carpe Diem,s/d,112.0
993,CasArijón Espacio Cultural,s/d,397.0
648,Casa 33,s/d,501.0
541,Casa Balero,s/d,310.0
34,Casa Belgrado,s/d,112.0
99,Casa Brandon,120.0,112.0
521,Casa Carlos Fuentealba,s/d,286.0
186,Casa Clorinda,150.0,112.0
824,Casa Colmena,s/d,81.0
115,Casa Colombo,800.0,112.0
536,"Casa Cultural ""Las Mirabal""",s/d,286.0
52,Casa Cultural De Anibal Troilo Multiespacio Cultural,80.0,112.0
391,Casa Cultural Julieta Lanteri ,s/d,54.0
377,Casa Cultural Mapuche ´´Ruka Kimun Mapuche´´,s/d,43.0
896,Casa Cultural Pedro Lavaque,s/d,65.0
47,Casa Cultural Pepa Noia,300.0,112.0
2,Casa Cultural Victor Jara,80.0,112.0
103,Casa Dasein,60.0,112.0
21,Casa De Arcos,130.0,112.0
310,Casa De Chamigos,s/d,22.0
110,Casa De Cultura Y Politica Sofia Yussen - Casa Sofia,80.0,112.0
568,Casa De La Cultura,s/d,515.0
709,Casa De La Cultura Río IV,s/d,382.0
642,Casa De La Cultura de Catamarca,s/d,75.0
772,Casa De La Cultura de Entre Ríos ,200.0,338.0
53,Casa De La Provincia De Buenos Aires,s/d,112.0
934,Casa De Las Culturas ,s/d,
794,Casa De Las Letras Espacio Cultural,s/d,142.0
1064,Casa De la Cultura Enriqueta Gastelumendi,260.0,496.0
924,Casa Del Poeta Antonio Esteban Agüero,120.0,246.0
257,Casa El Mate,50.0,112.0
306,Casa Elefante,s/d,22.0
234,Casa Epuyen,s/d,112.0
435,Casa Frida,s/d,237.0
252,Casa Gatica,s/d,112.0
668,Casa Grote,95.0,76.0
817,Casa Güemes,s/d,79.0
420,Casa Intermitente,s/d,199.0
19,Casa Jache,130.0,112.0
479,Casa Jirón (FUNDACION DE DEFENSA SOCIAL FUDESO),s/d,257.0
551,Casa Laurel,s/d,325.0
474,Casa Lealtad Peronista Lili Ferrari ,s/d,257.0
478,Casa Lumpen Club Cultural Cannabico ,s/d,257.0
848,Casa Matriz,s/d,77.0
178,Casa Maza,100.0,112.0
907,Casa Municipal de Cultura,s/d,335.0
302,Casa Municipal de la Cultura de Almte. Brown,s/d,22.0
862,Casa Popular Arturo Jauretche,s/d,123.0
493,Casa Popular Hugo Bacchi ,s/d,257.0
423,Casa Popular Maria Claudia Falcone,s/d,203.0
409,Casa Popular Marielle Franco			,s/d,150.0
484,Casa Pulsar ,s/d,257.0
818,Casa Qumanta,s/d,79.0
348,Casa Rayuela,10.0,37.0
161,Casa Rock,450.0,112.0
572,Casa Rodolfo Walsh,s/d,370.0
194,Casa Rodolfo Walsh,150.0,112.0
235,Casa Safiras,s/d,112.0
828,Casa Violeta ,60.0,210.0
480,Casa Zaragoza ,s/d,257.0
393,Casa Zeta,s/d,55.0
517,Casa de Cultura,s/d,283.0
841,Casa de Cultura,s/d,492.0
477,Casa de Cultura y Peña La Salamanca,200.0,257.0
609,Casa de Fuego,s/d,485.0
445,Casa de La Cultura Villa Elisa,300.0,257.0
876,Casa de la Cultura,150.0,511.0
891,Casa de la Cultura,s/d,200.0
1021,Casa de la Cultura,s/d,397.0
875,Casa de la Cultura,s/d,290.0
969,Casa de la Cultura,s/d,250.0
692,Casa de la Cultura,s/d,201.0
887,Casa de la Cultura,60.0,200.0
1041,Casa de la Cultura,650.0,294.0
564,Casa de la Cultura,s/d,347.0
713,Casa de la Cultura,s/d,387.0
577,Casa de la Cultura,s/d,370.0
985,Casa de la Cultura,s/d,267.0
721,Casa de la Cultura - Museo de la Ciudad,80.0,451.0
910,Casa de la Cultura A.WA.WA. ,s/d,232.0
563,Casa de la Cultura Carmen De Patagones,s/d,
768,Casa de la Cultura Cesar Osvaldo Penalver,s/d,158.0
780,Casa de la Cultura Concepción Del Uruguay - E.R.,s/d,495.0
691,Casa de la Cultura Marcelo Pais,100.0,134.0
626,Casa de la Cultura Municipal,s/d,503.0
1060,Casa de la Cultura Sala Angela Loij,431.0,383.0
1040,Casa de la Cultura San Isidro de Lules,296.0,294.0
1052,Casa de la Cultura Viejo Tafí,s/d,467.0
1054,Casa de la Cultura Yerba Buena,s/d,510.0
519,Casa de la Cultura de Lobos,s/d,285.0
411,Casa de la Cultura de Madariaga,s/d,186.0
632,Casa de la Cultura de Pedro Luro,s/d,507.0
939,Casa de la Cultura de Pico Truncado,s/d,139.0
1062,Casa de la Juventud (ex Medio Caño),s/d,496.0
608,Casa de las Artes Tacuarí,s/d,475.0
743,Casa de las Culturas,s/d,419.0
596,Casa del Pueblo Vecinos Solidarios,s/d,445.0
802,Casa del Tantankuy,50.0,225.0
580,Casa evita,s/d,395.0
539,Casa popular Unidos por el barrio,s/d,301.0
158,Casailda,50.0,112.0
141,Casona Cultural Humahuaca,50.0,112.0
290,Cazadores De Arte,s/d,112.0
719,Cañito Cultural,s/d,451.0
256,Cc Amigos De Eladia Blasquez,150.0,112.0
11,Cc Molokai,s/d,112.0
106,Cdca,s/d,112.0
143,Celia Blanco,s/d,112.0
269,Centro Ana Frank ,s/d,112.0
600,Centro Arte y Parte,s/d,469.0
77,Centro Arzuano Mellidense - Cam -,s/d,112.0
165,Centro Barrial y Cultural La Bonavena,s/d,112.0
823,Centro Catalan,s/d,81.0
962,Centro Comunal ,s/d,193.0
472,Centro Cultura y Comunicación,s/d,257.0
870,Centro Cultural,s/d,123.0
984,Centro Cultural,s/d,267.0
25,"Centro Cultural ""MALVINAS ARGENTINAS""",s/d,112.0
735,Centro Cultural 10 de Noviembre,150.0,331.0
979,Centro Cultural 12 de Septiembre,s/d,250.0
328,Centro Cultural 13 de Julio,s/d,37.0
355,Centro Cultural 1° De Mayo,s/d,37.0
276,Centro Cultural 25 De Mayo,466.0,112.0
398,Centro Cultural 7 de Mayo,s/d,86.0
819,Centro Cultural 9 de Marzo. Los Palacios,s/d,
316,Centro Cultural A Cielo Abierto,s/d,37.0
356,Centro Cultural A Cielo Abierto Armando Labollita,s/d,37.0
1066,Centro Cultural ACTUAR ,s/d,496.0
1053,Centro Cultural Aconquija,s/d,510.0
212,Centro Cultural Adan Buenos Aires,284.0,112.0
712,Centro Cultural Agua Escondida - Casa Museo Atahualpa Yupanqui -,s/d,386.0
339,Centro Cultural Alas del Sur,70.0,37.0
674,Centro Cultural Alta Córdoba - Efrain Bischoff,120.0,76.0
748,Centro Cultural Alternativo  CE. CU. AL ,70.0,419.0
615,Centro Cultural Alto Espacio,s/d,487.0
645,Centro Cultural Amarillo,s/d,166.0
617,Centro Cultural Andrés Ferreyra,s/d,487.0
753,Centro Cultural Antu Quillen,s/d,137.0
839,Centro Cultural Argentino,s/d,442.0
801,Centro Cultural Arte Ballet,s/d,142.0
390,Centro Cultural Atilio Marinelli,s/d,53.0
10,Centro Cultural Atlantix,s/d,112.0
601,Centro Cultural Atrapasueños,s/d,469.0
916,Centro Cultural Augusto Conte Grand,s/d,78.0
372,Centro Cultural Azucena Villaflor,s/d,37.0
496,Centro Cultural Azulunala,s/d,257.0
312,Centro Cultural Bella Vista,200.0,37.0
436,Centro Cultural Bernardino Rivadavia,s/d,237.0
288,Centro Cultural Borges- Fund.Para Artes,s/d,112.0
90,Centro Cultural Buda Bar,500.0,112.0
450,Centro Cultural Calle Uno ,s/d,257.0
475,Centro Cultural Camarada Pereyra CCCP,s/d,257.0
345,Centro Cultural Carlino,100.0,37.0
338,Centro Cultural Carlino II,60.0,37.0
616,Centro Cultural Carlos Auyero,s/d,487.0
800,Centro Cultural Casa Taller – Cerro Las Rosas,s/d,142.0
663,Centro Cultural Casa de Pepino,50.0,76.0
651,Centro Cultural Casona Municipal,120.0,76.0
20,Centro Cultural Che Pugliese,s/d,112.0
85,Centro Cultural Chilavert Recupera,s/d,112.0
756,Centro Cultural Comodoro Rivadavia,s/d,149.0
956,Centro Cultural Comunal María Teresa,s/d,191.0
63,Centro Cultural Comunarte,s/d,112.0
892,Centro Cultural Comunidad Danzalibre,200.0,200.0
685,Centro Cultural Cooperativo Casa Azul,s/d,115.0
874,Centro Cultural Cotesma,s/d,260.0
653,Centro Cultural Córdoba,200.0,76.0
482,Centro Cultural C’est la Vie ,120.0,257.0
264,Centro Cultural De Arte Y Movimiento - Baila Ba!,200.0,112.0
121,Centro Cultural De La Ciencia - C3,s/d,112.0
152,Centro Cultural De La India Güngur,s/d,112.0
906,Centro Cultural De Los Pueblos Originarios,s/d,184.0
1035,Centro Cultural Del Bicentenario,200.0,84.0
866,Centro Cultural Desafios,297.0,123.0
829,Centro Cultural Dese el Ferro ,s/d,220.0
26,Centro Cultural Din,s/d,112.0
661,Centro Cultural Discepolín,s/d,76.0
879,Centro Cultural Eduardo Galeano,90.0,47.0
571,Centro Cultural Eduardo Galeano,s/d,370.0
483,Centro Cultural El Amor y la Igualdad ,s/d,257.0
919,Centro Cultural El Barro,s/d,390.0
376,Centro Cultural El Bastión,s/d,37.0
60,Centro Cultural El Cantaro,s/d,112.0
458,Centro Cultural El Faldón ,s/d,257.0
410,Centro Cultural El Galpón,s/d,152.0
957,Centro Cultural El Gaucho,35.0,191.0
374,Centro Cultural El Matute Cultural,80.0,37.0
485,Centro Cultural El Núcleo,s/d,257.0
104,Centro Cultural El Ph,150.0,112.0
275,Centro Cultural El Sueñero,60.0,112.0
43,Centro Cultural El Surco,100.0,112.0
280,Centro Cultural Ernesto Sabato,s/d,112.0
815,Centro Cultural Esmeralda ,s/d,33.0
744,Centro Cultural Espacio Maracuyá,s/d,419.0
432,Centro Cultural Espacios,65.0,203.0
662,Centro Cultural España Córdoba,s/d,76.0
913,Centro Cultural Estacion San Martín,s/d,78.0
457,Centro Cultural Estación Provincial,100.0,257.0
1061,Centro Cultural Esther Fadul,s/d,496.0
311,Centro Cultural Florentino Ameghino,200.0,37.0
62,Centro Cultural G.I.T.,s/d,112.0
787,Centro Cultural Galpón  ,s/d,164.0
672,Centro Cultural General Paz,70.0,76.0
889,Centro Cultural General San martin,s/d,200.0
373,Centro Cultural Giros,s/d,37.0
777,Centro Cultural Gloria Montoya,400.0,338.0
1037,Centro Cultural Gral. San Martin,s/d,384.0
41,Centro Cultural Gran Sur ,150.0,112.0
869,Centro Cultural Gregorio Alvarez,126.0,123.0
321,Centro Cultural Hogares La Paz,50.0,37.0
1032,Centro Cultural Homero Manzi,150.0,45.0
790,Centro Cultural Héctor Tizón,120.0,142.0
462,Centro Cultural Islas Malvinas ,s/d,257.0
821,Centro Cultural Israelita de Mendoza - Sala Ana Frank,60.0,81.0
605,Centro Cultural Itinerante El Musguito,s/d,469.0
507,Centro Cultural Jacarandá ,s/d,257.0
449,Centro Cultural Joaquín Areta ,s/d,257.0
795,Centro Cultural Jorge Cafrune,s/d,142.0
789,Centro Cultural Jose Maria Lesbegueris,s/d,357.0
618,Centro Cultural Juana Azurduy,s/d,487.0
375,Centro Cultural Juana Azurduy,70.0,37.0
542,Centro Cultural Julio Cesar Gioscio,s/d,310.0
491,Centro Cultural Julio López Los Hornos  ,s/d,257.0
318,Centro Cultural Justo Lynch,70.0,37.0
430,Centro Cultural La Bemba,s/d,203.0
764,Centro Cultural La Botica,60.0,116.0
350,Centro Cultural La Calle Larga,100.0,37.0
463,Centro Cultural La Carpintería ,s/d,257.0
619,Centro Cultural La Casa deTodos,s/d,487.0
313,Centro Cultural La Casa del Flaco,80.0,37.0
1039,Centro Cultural La Cocha ,s/d,251.0
320,Centro Cultural La Curtiembre,200.0,37.0
183,Centro Cultural La Estrada,s/d,112.0
543,Centro Cultural La Gotera,s/d,310.0
7,Centro Cultural La Grieta,s/d,112.0
776,Centro Cultural La Hendija,100.0,338.0
730,Centro Cultural La Mansión Fundación Tangara,80.0,80.0
798,Centro Cultural La Mar en Coche,100.0,142.0
948,Centro Cultural La Máscara,50.0,90.0
1011,Centro Cultural La Nave,s/d,397.0
382,Centro Cultural La Panadería,s/d,43.0
658,Centro Cultural La Piojera,s/d,76.0
734,Centro Cultural La Plaza,250.0,308.0
396,Centro Cultural La Rosa,s/d,70.0
361,Centro Cultural La Sociedad / Sociedad de Fomento y Cultura Manuel Ocampo,250.0,37.0
459,Centro Cultural La Vuelta de Obligado ,s/d,257.0
929,Centro Cultural La Vía,s/d,
853,Centro Cultural Ladislao Ziman,s/d,228.0
831,Centro Cultural Lagunita,s/d,220.0
305,Centro Cultural Lanza Sabaris,s/d,22.0
937,Centro Cultural Las Heras,s/d,139.0
1057,Centro Cultural Leandro N. Alem,s/d,383.0
843,Centro Cultural Leneas,s/d,71.0
392,Centro Cultural Leon F. Rigolleau,s/d,54.0
707,Centro Cultural Leonardo Favio,500.0,382.0
147,Centro Cultural Leopoldo Gonzalez,s/d,112.0
442,Centro Cultural Leopoldo Marechal,s/d,253.0
433,Centro Cultural Leopoldo Marechal,s/d,226.0
1050,Centro Cultural Leticia,s/d,82.0
944,Centro Cultural Linda Vista,s/d,261.0
340,Centro Cultural Lo de Alber,s/d,37.0
261,Centro Cultural Macedonia,s/d,112.0
236,Centro Cultural Maleza,s/d,112.0
404,Centro Cultural Malvinas Argentinas,s/d,148.0
17,Centro Cultural Mamita,450.0,112.0
22,Centro Cultural Manuel Ugarte,s/d,112.0
791,Centro Cultural Martin Fierro Del Complejo Educativos Jose Hernandez,999.0,142.0
714,Centro Cultural María Elena Walsh,s/d,422.0
827,Centro Cultural Matesis,s/d,210.0
405,Centro Cultural Mil Flores,s/d,148.0
898,Centro Cultural Minga,s/d,74.0
845,Centro Cultural Misiones  Vicente Cidade ,s/d,77.0
757,Centro Cultural Mujeres de la Patria,s/d,149.0
695,Centro Cultural Municipal,150.0,304.0
693,Centro Cultural Municipal,600.0,233.0
890,Centro Cultural Municipal,240.0,200.0
812,Centro Cultural Municipal,s/d,83.0
767,Centro Cultural Municipal,s/d,157.0
958,Centro Cultural Municipal,s/d,191.0
945,Centro Cultural Municipal,s/d,261.0
983,Centro Cultural Municipal Dante Alighieri,300.0,267.0
687,Centro Cultural Municipal El Parque,70.0,115.0
771,Centro Cultural Municipal Juan L. Ortiz,s/d,338.0
550,Centro Cultural Municipal Poeta Enrique Uza,s/d,
943,Centro Cultural Municipal Renato Nestiero Maré,s/d,221.0
949,Centro Cultural Municipal Sala Sociedad Italiana,270.0,90.0
793,Centro Cultural Municipal Éxodo Jujeño,279.0,142.0
168,Centro Cultural No Me Olvides,s/d,112.0
954,Centro Cultural Norberto J. Luppi,s/d,125.0
353,Centro Cultural Nosotros Somos Ellos,s/d,37.0
156,Centro Cultural Nuestra América,s/d,112.0
1063,Centro Cultural Nueva Argentina,s/d,496.0
371,Centro Cultural Nueva Esperanza,50.0,37.0
357,Centro Cultural Nueva Esperanza 2000 ,500.0,37.0
279,Centro Cultural Nueva Uriarte,130.0,112.0
465,Centro Cultural Ojalá ,s/d,257.0
416,Centro Cultural Osvaldo Soriano (Ex J. M. De Pueyrredón),s/d,199.0
989,Centro Cultural PAR,s/d,397.0
438,Centro Cultural Paceño Asociación Civil,s/d,240.0
799,Centro Cultural Pachakute,s/d,142.0
1004,Centro Cultural Parque Alem,s/d,397.0
1018,Centro Cultural Parque España - CCPE/AECI,500.0,397.0
830,Centro Cultural Pascual Lauriente,200.0,220.0
669,Centro Cultural Paseo de las Artes,80.0,76.0
903,Centro Cultural Pata Pila,s/d,74.0
319,Centro Cultural Patas Arriba,150.0,37.0
643,Centro Cultural Patria Grande ,s/d,75.0
93,Centro Cultural Plan B,250.0,112.0
425,Centro Cultural Plaza,s/d,203.0
297,Centro Cultural Poeta Barbieri,s/d,20.0
569,Centro Cultural Polaridades,s/d,370.0
634,Centro Cultural Policarpo,s/d,26.0
697,Centro Cultural Polivalente Eva Perón,600.0,315.0
763,Centro Cultural Político y Social Espacio Abierto Nunca Menos,s/d,116.0
761,Centro Cultural Provincial ,s/d,376.0
973,Centro Cultural Provincial Francisco Paco Urondo,800.0,250.0
863,Centro Cultural Provincial Juan Bautista Alberdi,s/d,123.0
928,Centro Cultural Puente Blanco,393.0,
933,Centro Cultural Puente Blanco- Sala Hugo del Carril,s/d,
882,Centro Cultural Puentes,s/d,47.0
360,Centro Cultural Quinta Galli Este,100.0,37.0
8,Centro Cultural Raices,60.0,112.0
593,Centro Cultural Raices,s/d,437.0
704,Centro Cultural Raices Soberanas,s/d,366.0
612,Centro Cultural Raíces Compañeras,150.0,487.0
160,Centro Cultural Recoleta,s/d,112.0
137,Centro Cultural Richards,s/d,112.0
1013,Centro Cultural Roberto Fontanarrosa,s/d,397.0
976,Centro Cultural Roma,250.0,250.0
581,Centro Cultural Roque Perez,s/d,396.0
920,Centro Cultural San Francisco Del Monte de Oro,s/d,41.0
258,Centro Cultural San Martin,s/d,112.0
677,Centro Cultural San Vicente,150.0,76.0
727,Centro Cultural Siete Corrientes - Sala Flotante -,60.0,80.0
1023,Centro Cultural Soc. Italiana,300.0,417.0
486,Centro Cultural Social y Político Olga Vázquez ,s/d,257.0
196,Centro Cultural Sofía Gempel Arte,s/d,112.0
419,Centro Cultural Taller Lascano,s/d,199.0
533,Centro Cultural Teatro El Refugio,120.0,286.0
157,Centro Cultural Teatro Fray Mocho,98.0,112.0
926,Centro Cultural Tecla Funes ,s/d,
1031,Centro Cultural Telesita,s/d,45.0
654,Centro Cultural Tinku Arte,s/d,76.0
72,Centro Cultural Traicionalista El Fortin De Celia Rocha,s/d,112.0
506,Centro Cultural Trémula ,s/d,257.0
347,Centro Cultural Un Grito de Corazón,150.0,37.0
216,Centro Cultural Vamos A Andar,s/d,112.0
1024,Centro Cultural Videla,80.0,427.0
502,Centro Cultural Viejo Almacén El Obrero,s/d,257.0
656,Centro Cultural Villa el Libertador,100.0,76.0
397,Centro Cultural Volver,s/d,72.0
1056,Centro Cultural Yaganes,s/d,383.0
296,Centro Cultural de Adolfo Alsina,s/d,15.0
299,Centro Cultural de Adrogue - Sala Bárbara Mujica,130.0,22.0
859,Centro Cultural de Cultral Co,700.0,123.0
204,Centro Cultural de España en Buenos Aires,s/d,112.0
1019,Centro Cultural de La Toma,s/d,397.0
834,Centro Cultural de Uspallata ,s/d,269.0
89,Centro Cultural de la Cooperación - CCC -,583.0,112.0
95,Centro Cultural de la Memoria Haroldo Conti,s/d,112.0
788,Centro Cultural del Mercado,s/d,164.0
556,Centro Cultural y Biblioteca Popular Enrique Santos Discépolo,s/d,325.0
428,Centro Cultural y Biblioteca Popular la Carcova,s/d,203.0
424,Centro Cultural y Deportivo los Amigos de Villa Sarmiento,s/d,203.0
492,Centro Cultural y Polideportivo Los Hornos,s/d,257.0
717,Centro Cultural y Recreativo,450.0,426.0
968,Centro Cultural y Recreativo Alto Verde,s/d,250.0
972,Centro Cultural y Social El Birri,s/d,250.0
525,Centro Cultural y Social No Me Olvides,s/d,286.0
548,Centro Cultural y Social Patas para Arriba,s/d,312.0
431,Centro Cultural y artístico Ana Pavlova,s/d,203.0
775,Centro Cultural y de Convenciones La Vieja Usina,450.0,338.0
468,Centro Cultural Área Chica ,s/d,257.0
760,Centro Cultural “Franco Venturi”,s/d,376.0
987,Centro Cultural. Pueblo Esther,s/d,397.0
657,Centro De Arte Contemporáneo  C.A.C,s/d,76.0
702,Centro Holístico Allá Arriba,70.0,366.0
538,Centro Integrador Comunitario en el  Barrio Santo Domingo,100.0,297.0
1033,Centro Intercultural de Ecología Social (CIES),s/d,84.0
58,Centro Kultural Trivenchi,200.0,112.0
893,Centro Municipal de Arte CEMAR,300.0,200.0
365,Centro Municipal de Arte de Avellaneda  CMA,500.0,37.0
895,Centro Municipal de Cultura,300.0,410.0
583,Centro Municipal de Cultura S.A Giles,s/d,408.0
518,Centro Nativo Acuyai,s/d,285.0
294,Centro Politico Cultural El Hormiguero,150.0,112.0
446,Centro Recreativo Intercultural de Artes Crisoles,s/d,257.0
516,Centro Recreativo y Cultural Villa Raffo,s/d,257.0
850,Centro Social y Cultural Paraguayo,s/d,146.0
584,Centro cultural Casa Evita,s/d,408.0
386,Centro cultural Evita,s/d,43.0
918,"Centro cultural Raúl Carrizo ""La Fraternidad""",s/d,108.0
448,Centro cultural de buena madera,s/d,257.0
737,Centro cultural “La Flota”,200.0,419.0
747,Centro de Cultura Popular CECUPO,s/d,419.0
647,Centro de Cultura y Trabajo Comunitario  Villa Dolores,s/d,501.0
443,Centro de Estudios Sociales y Culturales La Locomotora,s/d,265.0
534,Centro de Estudios Teatrales y Artísticos C.E.T.A.,s/d,286.0
873,Centro de Iniciacion Artistica,s/d,260.0
309,Centro de Participación Comunitaria del Suburbio,s/d,22.0
159,Chana - Usina Juan Gelman,s/d,112.0
286,Chau Che Clu,300.0,112.0
146,Chela,s/d,112.0
986,Ciclo Cultural Arte Viva,150.0,267.0
720,Cineclub Casero,s/d,451.0
886,Circulo Comunitario Italo - Argentino,80.0,122.0
884,Circópolis Centro Cultural,s/d,47.0
260,Ciudad Cultural Konex,2380.0,112.0
500,Ciudad Vieja,s/d,257.0
214,Clasico Fernandez,72.0,112.0
16,Club 921,300.0,112.0
701,Club Alemán ASCA,250.0,366.0
1000,Club Argentino Brasileño,s/d,397.0
591,Club Artístico y Social Arenga,s/d,421.0
560,Club Atlético Hinojo,280.0,334.0
265,Club Boddah,s/d,112.0
476,Club Cultural Casa Unclan,180.0,257.0
108,Club Cultural Malvinas Argentinas,s/d,112.0
218,Club Cultural Matienzo,400.0,112.0
202,Club De Musica,139.0,112.0
820,Club Gimnasia y Esgrima,s/d,81.0
55,Club Premier,451.0,112.0
368,Club Reconquista de Suipacha,s/d,37.0
537,Club Social Maipu,s/d,297.0
774,Club Social Parana,s/d,338.0
955,Club Social Villa Constitución,s/d,125.0
124,Club Social Y Deportivo Yupanqui,200.0,112.0
1010,Club Social y Cultural QueTePasa,s/d,397.0
679,Club Social y Deportivo Agua de Oro,200.0,115.0
414,Club Tri,184.0,199.0
344,Club de Circo Kamaj Pacha,100.0,37.0
487,Colectivo Arte al Ataque ,s/d,257.0
851,Colectivo Cultural y Comunitario del Monte,s/d,146.0
452,Colibrí arte y cultura platense,120.0,257.0
666,Comarca de Creadores,s/d,76.0
1055,Comedor Cultural San Jose Solidario,s/d,510.0
81,Complejo Artmedia,s/d,112.0
911,Complejo Auditorio Juan Victoria,976.0,78.0
532,Complejo Cultural Banfield Teatro Ensamble,250.0,286.0
959,Complejo Cultural Las Toscas,s/d,193.0
741,Complejo Cultural Provincial Guido Miranda,s/d,419.0
224,Complejo Cultural Sanidad,s/d,112.0
942,Complejo Cultural Santa Cruz,s/d,221.0
233,Comunes,s/d,112.0
575,Comunidad Contemporanea,s/d,370.0
139,Congo Club Cultural,150.0,112.0
79,Conservatorio Grassi Urquiza,50.0,112.0
362,Cooperativa Cimarrón de Comunicación y Cultura,s/d,37.0
273,Cooperativa Cultural Qi,100.0,112.0
595,Cooperativa Las Canaletas,s/d,440.0
635,Cooperativa de Trabajo Cachalahueca Ltda,s/d,26.0
797,Coquena Centro Cultural,100.0,142.0
520,Cosecha - Espacio musical,s/d,286.0
401,Cuerpos en Movimiento Espacio de Arte Escénico,s/d,109.0
189,Cultural Moran,150.0,112.0
254,Cultural Titi Rossi,s/d,112.0
195,Cultural Vivvo,s/d,112.0
120,Cumaco,s/d,112.0
966,Curadora. Residencia/Taller,s/d,250.0
246,Cusca Risun,91.0,112.0
67,Cátulo. Casa Cultural,s/d,112.0
967,DEMOS Comunidad Cultural Emergente,200.0,250.0
1036,DIVAS Diversidad Valiente Santiagueña,70.0,84.0
292,"DYNART, Espacio de arte",s/d,112.0
440,Dada club de arte,s/d,245.0
171,Deira,750.0,112.0
1026,Descubrir Centro Cultural,s/d,428.0
307,Deshoras Club de Música y Artes ,s/d,22.0
109,Despierta,s/d,112.0
1005,Distrito Siete,200.0,397.0
469,Doble-T,s/d,257.0
69,Dottore Malatesta,150.0,112.0
155,Doup,300.0,112.0
897,Doña Argentina Espacio Cultural,120.0,65.0
46,Dragon,s/d,112.0
119,Dulce,s/d,112.0
29,Dumont,220.0,112.0
33,E.C.U Espacio Cultural Uocra,s/d,112.0
395,EL MOLINO CULTURAL,s/d,516.0
731,ESPACIO CULTURAL SAENZ PEÑA CHACO,s/d,118.0
209,ESPACIO EL ZONKO,s/d,112.0
116,ESQUINA REBELDE,s/d,112.0
631,ESTACIÓN NICOLAS LEVALLE,s/d,507.0
746,ESTE ESPACIO CULTURAL,s/d,419.0
700,Eden Hotel,500.0,366.0
877,El Acopio ,40.0,14.0
84,El Arbol Cultural (Sas) / La Casa Del Arbol,94.0,112.0
1051,El Arbol de Galeano-Club Cultural,s/d,82.0
1003,El Aserradero Rosario,95.0,397.0
467,El Bosquecito Vivero Experimental. Espacio Cultural ,s/d,257.0
638,El Cebil,s/d,75.0
163,El Ceibo - Espacio Cultural,60.0,112.0
466,El Conventillo Centro Cultural,s/d,257.0
27,El Cultural Masala,50.0,112.0
597,El Culturón,s/d,445.0
303,El Derrumblé,s/d,22.0
1029,El Desarmadero Espacio Cultural,s/d,433.0
50,El Desparrame,150.0,112.0
132,El Donn,s/d,112.0
114,El Emergente Abasto,150.0,112.0
750,El Entusiasmo,s/d,59.0
627,El Faro,s/d,503.0
785,El Fuelle Casa Cultural,s/d,164.0
285,El Galpon,s/d,112.0
644,El Galpón Club de Salud,s/d,166.0
553,El Galpón de Haedo,s/d,325.0
514,El Galpón de Tolosa ,s/d,257.0
570,El Garelli - Asociación Civil Villa Valdocco,s/d,370.0
675,El Hormiguero,s/d,76.0
965,El Jardín de los Presentes Casa Arte,s/d,250.0
61,El Mas Aca Club Cultural,150.0,112.0
453,El Medio Aljibe,s/d,257.0
1034,El Observatorio,s/d,84.0
835,El Origen de i,s/d,293.0
1065,El Planeta de Origen,s/d,496.0
229,El Puente,150.0,112.0
510,El Puente Arte y Cultura ,s/d,257.0
129,El Quetzal,150.0,112.0
689,El Recodo del sol,60.0,115.0
960,El Remanso Casa Cultural Independiente,40.0,193.0
754,El Rincón Cultural,s/d,149.0
327,El Semillero - Fábrica de Arte,s/d,37.0
451,El Sótano Club Cultural,s/d,257.0
751,El Tablado Centro Cultural,120.0,59.0
222,El Taller De Jacinto Espacio De Arte,150.0,112.0
3,El Tanque Cultural,300.0,112.0
243,El Tipografico,150.0,112.0
552,El Transformador,s/d,325.0
215,El Universal,118.0,112.0
711,El Viejo Cooke,s/d,382.0
546,El galpón del Encuentro,s/d,312.0
762,El Árbol Asociación Cultural,180.0,376.0
5,Emergente Club Almagro,250.0,112.0
489,En Eso Estamos-Fábrica Cultural,120.0,257.0
990,En Jaque,s/d,397.0
112,Enjambre,100.0,112.0
961,Errar es divino,s/d,193.0
678,Escafandra Espacio Cultural Comunitario,s/d,76.0
144,Escape,60.0,112.0
277,Escash Espacio Cultural,s/d,112.0
51,"Escuela Popular de Arte ""Esther Ballestrino""",s/d,112.0
400,Escuela de Actividades Culturales Dora Pietranera de Donadio,s/d,99.0
940,"Espacio
Malvinas",s/d,221.0
665,Espacio  artístico  Universo de Sueños,s/d,76.0
722,Espacio Abierto José de la Quintana,s/d,451.0
813,Espacio Arte Propio,s/d,303.0
809,Espacio Arte Propio,s/d,83.0
531,Espacio Asterisco,s/d,286.0
729,Espacio Bohemio Corrientes,s/d,80.0
45,Espacio Boliv.ar,s/d,112.0
13,Espacio Cafferana 86,s/d,112.0
981,Espacio Crux,s/d,267.0
861,Espacio Cultura Don. Gregorio Álvarez,300.0,123.0
755,"Espacio Cultural ""Kultural 5""",0,149.0
170,Espacio Cultural Almagro,s/d,112.0
73,Espacio Cultural Benigno,50.0,112.0
915,Espacio Cultural Cadiz,s/d,78.0
963,Espacio Cultural Casablanca,s/d,250.0
37,Espacio Cultural Centro Comunitario Juanito Laguna,s/d,112.0
97,Espacio Cultural Chacra De Los Remedios,s/d,112.0
725,Espacio Cultural Coliseo,s/d,494.0
922,Espacio Cultural Coloniarte,s/d,197.0
807,Espacio Cultural Comunitario – Comparsa los Caprichosos de Tilcara,s/d,476.0
927,Espacio Cultural Cuyo Arte,s/d,
808,Espacio Cultural De Ida y Vuelta,s/d,83.0
94,Espacio Cultural Defensa,s/d,112.0
59,Espacio Cultural Del Sur,s/d,112.0
31,Espacio Cultural Dinamo,80.0,112.0
278,Espacio Cultural Domus Artis,s/d,112.0
953,Espacio Cultural El Bodegón,s/d,90.0
909,Espacio Cultural El Caedero de San Carlos,50.0,413.0
683,Espacio Cultural El Crespin,s/d,115.0
70,Espacio Cultural Eureka,50.0,112.0
1015,Espacio Cultural Franja Del Río ,s/d,397.0
289,Espacio Cultural Garcia,s/d,112.0
549,Espacio Cultural Homero Manzi,s/d,312.0
122,Espacio Cultural Juan Rodo,80.0,112.0
490,Espacio Cultural Juana Azurduy ,s/d,257.0
832,Espacio Cultural Julio Le Parc ,350.0,220.0
684,Espacio Cultural La Vertiente,s/d,115.0
698,Espacio Cultural Las Chicharras,s/d,366.0
505,Espacio Cultural Leonardo Favio ,s/d,257.0
182,Espacio Cultural Lineas De Fuga,s/d,112.0
838,Espacio Cultural Los Chinos,s/d,299.0
153,Espacio Cultural Marco Del Pont,s/d,112.0
745,Espacio Cultural Mil Flores Barranqueras,s/d,419.0
383,Espacio Cultural Motor Colectivo,s/d,43.0
673,Espacio Cultural Museo de las Mujeres,s/d,76.0
197,Espacio Cultural Que Tren Que Tren,s/d,112.0
23,Espacio Cultural Resurgimiento,s/d,112.0
213,Espacio Cultural San Andres,s/d,112.0
703,Espacio Cultural Takay Nina ,s/d,366.0
231,Espacio Cultural Tinta Roja,s/d,112.0
4,Espacio Cultural Urbano,140.0,112.0
857,Espacio Cultural Yopará,s/d,439.0
444,Espacio Disparate Casa de Artes,90.0,265.0
281,Espacio Dos Puntos,s/d,112.0
151,Espacio EK' arte.movimiento,s/d,112.0
837,Espacio Ekeko Cultural,s/d,293.0
385,Espacio Hamaca,s/d,43.0
291,Espacio Inboccalupo,80.0,112.0
167,Espacio La Tribu,s/d,112.0
614,Espacio La Tuerca,s/d,487.0
998,Espacio Luna,s/d,397.0
169,Espacio Marechal,69.0,112.0
849,Espacio Mbopí,s/d,146.0
49,Espacio Moebius,s/d,112.0
134,Espacio Pichuco,s/d,112.0
888,Espacio Popular Pocho Lepratti,s/d,200.0
220,Espacio Pujol,50.0,112.0
497,Espacio SU.DA.KA.,s/d,257.0
172,Espacio Salvo,s/d,112.0
105,Espacio Saoco,111.0,112.0
18,Espacio Simona,100.0,112.0
699,Espacio Social y Cultural Proponiendo Sueños,s/d,366.0
164,Espacio Sueños,150.0,112.0
705,Espacio Sur ,s/d,366.0
582,Espacio Taller Crear,s/d,514.0
650,Espacio Urda,50.0,76.0
91,Espacio Valeu,150.0,112.0
715,Espacio cultural Los Molles,s/d,422.0
412,Espacio cultural producciones independientes,s/d,186.0
900,"Espacio cultural y feria Punto Artesanal, bien cultural",s/d,74.0
811,Espacio de Arte GRIS,s/d,83.0
822,Espacio de Fotografía Máximo Arias ,s/d,81.0
417,Espacio de arte AmArt,s/d,199.0
381,Espacio por el Arte EPA,s/d,43.0
298,"Espacio y Casa Cultural ""El Refugio""",s/d,22.0
100,Espacio37,140.0,112.0
230,EspecialCultural Bar,s/d,112.0
587,Estacion 1857,s/d,421.0
190,Estacion de los Deseos,s/d,112.0
1025,Estación Cultural,s/d,428.0
30,Estación De Los Deseos,s/d,112.0
1006,Estación De Los Títeres ,s/d,397.0
736,Esto no es una Academia,s/d,2.0
576,Estudio 1 Originarte,s/d,370.0
676,Estudio E,s/d,76.0
671,Estudio Escénico La Potosí,s/d,76.0
219,Estudio Kalo,s/d,112.0
621,Estudio MV,s/d,503.0
988,FUNDACION UNIDOS POR LA MUSICA,s/d,397.0
387,Factor C Espacio de encuentro,s/d,43.0
856,Federación de Colectividades de Obera,s/d,332.0
136,Feeling Multiespacio,150.0,112.0
82,Feliza Cultura Arcoiris,300.0,112.0
394,Florencio Constantino,750.0,61.0
282,Flores Solidario,s/d,112.0
622,Foro de las Ciencias y las Artes,50.0,503.0
633,Forum Cultural,s/d,512.0
652,Fresca Viruta Espacio,60.0,76.0
864,Fundacion Fabrica de Artistas,s/d,123.0
244,Fundacion Hastinapura,150.0,112.0
131,Fundacion Hastinapura,25.0,112.0
130,Fundacion Hastinapura,s/d,112.0
87,Fundacion Hastinapura,25.0,112.0
32,Fundacion Hastinapura,25.0,112.0
145,Fundacion Mercedes Sosa,s/d,112.0
901,Fundacion Raices Nuevas,s/d,74.0
590,Fundación Crear Vale La Pena,60.0,421.0
723,Fundación Holderlin,30.0,451.0
351,Fundación Isla Maciel,s/d,37.0
803,Fundación Jama: Espacio Cultural-La Esquina-. ,s/d,441.0
1048,Fundación Mate Cocido,s/d,82.0
66,Fundación Naum Knop,s/d,112.0
1042,Fundación para el desarrollo de las artes escénicas - FUNDAE,s/d,82.0
613,Fusión 3,s/d,487.0
177,Galpon Cultural El Hueco,s/d,112.0
295,Galpon Cultural Piedrabuenarte,s/d,112.0
855,Galpon de la Murga del Monte,200.0,332.0
501,Galpon de las artes,s/d,257.0
792,Galpones Recuperados Tupaj Katari,s/d,142.0
565,Galpón Del Arte Barrio Kennedy,50.0,347.0
935,Galpón Murguero,s/d,139.0
1014,Galpón Tablada,s/d,397.0
1022,Germinal Terrakius,45.0,397.0
349,Giros,s/d,37.0
162,Gorriti Art Center,235.0,112.0
1038,Gotitas de ternura cultural,s/d,133.0
498,Grupo La Grieta,s/d,257.0
786,Grupo Mozart,s/d,164.0
437,Huellas de Fuego,s/d,240.0
322,Hugo Caruso,s/d,37.0
192,Hunterbier De Pezzano Roberto Ariel,150.0,112.0
426,IF Investigaciones del Futuro,s/d,203.0
221,IMPA Centro Cultural IMPA La Fábrica,200.0,112.0
57,Ideas Descabelladas,s/d,112.0
263,Ifa,99.0,112.0
559,"Insurgente, Espacio Cultural Independiente",s/d,334.0
509,Integración Comunitaria por la Salud Mental Una Movida de Locos,s/d,257.0
660,Irradiando,s/d,76.0
399,Isidoro espacio de Arte,s/d,131.0
226,Jaciento Oviedo,s/d,112.0
899,Jagger Espacio Cultural,s/d,74.0
950,Jauss Espacio de Arte,30.0,90.0
149,Jj Circuito Cultural,250.0,112.0
354,Juana Azurduy,70.0,37.0
125,Jungla Habitat Cultural,s/d,112.0
441,Junta Vecinal de Laferrere 12 de Octubre,s/d,253.0
39,Kowalski Club De Cultura,60.0,112.0
904,Kunu`u Espacio para las Infancias,s/d,74.0
378,KÁNIKA,s/d,43.0
308,LA CASA,s/d,22.0
1043,LA CASONA,s/d,82.0
710,LA LA LA CENTRO ARTISTICO,s/d,382.0
733,LA MARAÑA,s/d,277.0
994,LA USINA,s/d,397.0
664,LAN El Parisino,700.0,76.0
825,LOS 2 AMIGOS CULTURAL,s/d,81.0
547,La Antigua Cultural,s/d,312.0
71,La Arena,s/d,112.0
434,La Bicicletería,s/d,237.0
471,"La Bicicletería, Creación Colectiva",100.0,257.0
245,La Bisagra,s/d,112.0
118,La Brecha,s/d,112.0
655,La Burbuja Circo,s/d,76.0
508,La Caipo,70.0,257.0
805,La Campana Teatral ,200.0,476.0
272,La Casa,45.0,112.0
930,La Casa Azul. Periferia de Arte,s/d,
670,La Casa Colectiva,s/d,76.0
15,La Casa De Luca Prodan,s/d,112.0
6,La Casa De Teresa Israel,s/d,112.0
388,La Casa Del Fondo,s/d,44.0
300,La Casa Espacio de Debate y Cultura,120.0,22.0
206,La Casa Roja,s/d,112.0
912,La Casa Roja Espacio,s/d,78.0
418,La Casa de Enfrente,s/d,199.0
688,La Casa de la Cultura,s/d,115.0
470,La Casa espacio cultural,s/d,257.0
555,La Casita Arte,s/d,325.0
885,La Casita Azul - Espacio Cultural,s/d,47.0
1017,La Casita Rosario,s/d,397.0
773,La Casita de los Gurises de mi Barrio,s/d,338.0
14,La Casona De Los Amigos,150.0,112.0
191,La Cazona De Flores,150.0,112.0
499,La Chicharra,s/d,257.0
232,La Chilinga,s/d,112.0
1049,La Colorida,53.0,82.0
599,La Compañía Tandil,40.0,469.0
166,La Confiteria,250.0,112.0
867,La Conrado Centro Cultural,80.0,123.0
64,La Conversa,s/d,112.0
540,La Cultural Dumer,200.0,310.0
154,La Escalera Espacio De Arte,50.0,112.0
558,La Esquina Arte y Cultura,s/d,11.0
732,La Fabrica Cultural ,s/d,277.0
620,"La Galerita, experiencias creativas",s/d,503.0
628,La Galpona - laboratorio de ideas,s/d,503.0
488,La GranSiete Arte y Cultura,s/d,257.0
140,La Herreria,150.0,112.0
503,La Hormiguera Espacio Cultural,s/d,257.0
28,La Instalacion,100.0,112.0
982,La Juana Sala Cultural Independiente,130.0,267.0
495,La Macacha,s/d,257.0
42,La Madriguera,s/d,112.0
179,La Minga Club Cultural,50.0,112.0
974,La Moreno Centro Cultural,285.0,250.0
931,La Mostrijaus,s/d,
241,La Muda,s/d,112.0
637,La Nube Galpon de las Artes - Catamarca,s/d,75.0
636,La Osera Casa Cultural,s/d,75.0
573,La Pacha Espacio Cultural,s/d,370.0
625,La Pajarera,s/d,503.0
422,La Papallona Tetería Cultural,s/d,199.0
667,La Parisina Casa de Arte ,65.0,76.0
102,La Paternal Espacio Proyecto,s/d,112.0
188,La Paz Arriba,s/d,112.0
237,"La Peatonal, Espacio Cultural",s/d,112.0
1009,La Peruta ,s/d,397.0
579,La Pieza,s/d,375.0
641,La Primitiva ,s/d,75.0
752,La Puerta,s/d,59.0
554,La Puerta Creativa,s/d,325.0
728,La Pépinière,s/d,80.0
88,La Quince Espacio Cultural,150.0,112.0
1030,La Quinta,150.0,502.0
205,La Scala De San Telmo,102.0,112.0
274,La Senda,50.0,112.0
1045,La Soñada Epacio Cultural y Producciones,s/d,82.0
932,La Tambora Cultural,s/d,
917,La Tetera,s/d,78.0
1007,"La Tornería, Espacio Cultural",s/d,397.0
530,La Troupe,s/d,286.0
283,La Turba,s/d,112.0
716,La Urpila espacio cultural,s/d,422.0
749,La Vaca Atada,s/d,419.0
504,La Vecindad Cultural Nacional y Popular ,s/d,257.0
561,La Yumba,s/d,334.0
833,La casita colectiva,s/d,220.0
639,La casita. Arte y eventos,50.0,75.0
594,La troupe del aire,s/d,438.0
456,Laberinto Casa Club,150.0,257.0
200,Laborando,s/d,112.0
199,Laboratori Estudio,s/d,112.0
123,Laboratorio De Festival,s/d,112.0
126,Ladran Sancho,94.0,112.0
180,Las Mil Y Un Artes Centro Cultural,s/d,112.0
80,Latinoamericana Comunicacion Capacitacion Cultura,50.0,112.0
193,Leon Leon,60.0,112.0
301,Los Bemoles,s/d,22.0
421,Los Duendes,s/d,199.0
173,Luzuriaga Club Social,90.0,112.0
562,MACONDO MUTUAL DE ARTE POPULAR DE OLAVARRIA,s/d,334.0
239,MAGMA,s/d,112.0
1059,MAGMA Espacio Cultural,s/d,383.0
686,MANSA MANSION A LA VERA DEL RIO,s/d,115.0
523,MONOCICLO CLUB DE ARTE,s/d,286.0
804,"MULTIESPACIO CULTURAL ""NUEVA TRADICION"" ",s/d,441.0
603,Macanudo,s/d,469.0
515,Macá Cultura ,s/d,257.0
995,Madma espacio,s/d,397.0
1047,Magic Music Box,s/d,82.0
138,Mango,150.0,112.0
872,Manta residencia taller ,s/d,260.0
379,Maroma,s/d,43.0
567,Media Vuelta Club de Artes Urbanas,s/d,353.0
12,Mi Casa,150.0,112.0
1020,Micelio Producción de Expresión,s/d,397.0
513,Mil Flores La Plata ,s/d,257.0
598,Minowa Centro Cultural,s/d,445.0
708,Mixtura,s/d,382.0
783,"Mixtura, Espacio Cultural",s/d,506.0
293,Mojitos De Cuba,150.0,112.0
921,Monte libre,s/d,130.0
284,Morris,200.0,112.0
739,Multiespacio Federación Médica del Chaco,342.0,419.0
201,Multiespacio Korova,80.0,112.0
198,Multiespacio La Comunidad Del Sotano / Comunidad Multiespacio,136.0,112.0
208,Multiespacio Pasco,s/d,112.0
98,Munar,s/d,112.0
413,Mundo Dios,s/d,199.0
858,Municipalidad de 25 de Mayo,s/d,4.0
429,MÚSICA EN SAN MARTÍN,s/d,203.0
740,Nanas suena bien,s/d,419.0
255,Naranja Verde,50.0,112.0
742,Nido centro de artes,s/d,419.0
187,Nueva Caledonia,300.0,112.0
784,Nuevo Espacio Cultural,s/d,506.0
223,Oceanario Club Cultural,95.0,112.0
977,Ochava Roma,s/d,250.0
0,Oihoy Casa Abierta,s/d,112.0
287,Oliverio Girondo,s/d,112.0
690,"Oniria, espacio de artistas cooperativxs",s/d,115.0
107,Otra Historia,145.0,112.0
249,Otro Divague Espacio De Arte,20.0,112.0
117,Otro Lado,100.0,112.0
1046,PUERTO CULTURAL LIBERTAD,s/d,82.0
1012,PUERTO DE IDEAS,s/d,397.0
524,Padre Mugica,s/d,286.0
259,Panda Rojo Espacio Cultural,80.0,112.0
48,Paprika,50.0,112.0
778,Parientes Del Bar,s/d,338.0
846,Paseo Bosetti,s/d,77.0
844,Paseo Cultural La Terminal,600.0,77.0
914,Patricias Espacio,s/d,78.0
865,Pehuenia Cultural del Neuquen,s/d,123.0
384,Pez Dorado Espacio Cultural,s/d,43.0
847,Peña Itapúa ,200.0,77.0
681,"Pico de tinta, espacio taller",80.0,115.0
816,Pitcher Cultural,s/d,79.0
227,Planta Alta,95.0,112.0
1001,Plataforma Lavarden ,400.0,397.0
346,Polideportivo Gabino Alegre,500.0,37.0
240,Polo Bandoneon,s/d,112.0
174,Poncho Club Cultural,100.0,112.0
923,Portal 271 Centro Cultural,s/d,197.0
461,Prisma Espacio Creativo,s/d,257.0
971,Proyecto Trucha,s/d,250.0
765,Pueblo Viejo,200.0,121.0
511,Pura Vida Bar,200.0,257.0
970,Púrpura - Proyecto Artísitico Pedagógico,s/d,250.0
640,Qhispina Casa Albergue- Espacio Cultural,s/d,75.0
217,REDUCI- MUTUALIDAD ITALIANA DE EX COMBATIENTES ,s/d,112.0
996,Rayito de Sol,150.0,397.0
814,Recrearte,s/d,478.0
1058,Refugio del Arte Fueguino,s/d,383.0
403,Residencia Artística Dos Ombúes,s/d,141.0
464,Residencia Corazón,s/d,257.0
402,"Restituyendo derechos, construyendo futuro",30.0,141.0
225,Rincon Casa Cultural,80.0,112.0
40,Ritmos Sabrosos,100.0,112.0
494,Ruda,s/d,257.0
680,Río arriba cultural,s/d,115.0
544,SUTEBA Merlo,s/d,312.0
992,Sahuira,s/d,397.0
946,Sala Cultural Chabás,300.0,89.0
980,Sala Cultural José María Vazquez,200.0,250.0
454,Sala El Angel Gris,s/d,257.0
406,Sala Ensueños,s/d,150.0
1028,Sala Kumelén de Carlos Pellegrini,s/d,433.0
359,Sala de exhibición de artes visuales Del Carmen Casa Club,s/d,37.0
248,Saldias Polo Cultural,s/d,112.0
696,Salón Centro Cultural Municipal,500.0,304.0
602,Salón Danés,s/d,469.0
842,Salón de actos Municipal,s/d,254.0
951,Salón del Museo,250.0,90.0
770,San Benito Puerto Arte,s/d,215.0
363,Sarandiarte Espacio Cultural,300.0,37.0
535,Sede Banfield Este El Ceibo,s/d,286.0
528,Sede Banfield Oeste Darragueira,s/d,286.0
545,Sede COI,s/d,312.0
522,Sede Fiorito,s/d,286.0
527,Sede San José,s/d,286.0
364,Sembrando Soberanía ,s/d,37.0
566,SerEnArte,s/d,353.0
92,Shambala,s/d,112.0
65,Sigue La Polilla,233.0,112.0
335,Sociedad Cosmopolita de Socorros Mutuos Unión de Wilde,200.0,37.0
694,Sociedad Italiana,300.0,244.0
718,Sociedad Italiana de Socorros Mutuos Unión y beneficiencia,578.0,426.0
606,Sociedad Italiana de Tigre,s/d,475.0
268,Sociedad Luz,s/d,112.0
369,Sociedad Recreativa Cultural Deportiva y Fomento Idea Felíz,300.0,37.0
317,Sociedad de Fomento Bartolomé Mitre,s/d,37.0
585,Sociedad de Fomento Bartolomé Mitre,s/d,418.0
358,Sociedad de Fomento Gral. Pico,250.0,37.0
337,Sociedad de Fomento Honor y Fuerza,90.0,37.0
336,Sociedad de Fomento Lucio Mansilla,s/d,37.0
343,Sociedad de Fomento Manuel Benito Gonnet,s/d,37.0
331,Sociedad de Fomento Martin de Guemes,150.0,37.0
326,Sociedad de Fomento Villa Argentina,100.0,37.0
352,Sociedad de Fomento Villa Avellaneda,s/d,37.0
332,Sociedad de Fomento Villa Bernasconi,s/d,37.0
330,Sociedad de Fomento Villa Echenagucia,100.0,37.0
370,Sociedad de Fomento Villa Gral San Martin de Pobladora,s/d,37.0
323,Sociedad de Fomento Villa J. Nuñez,250.0,37.0
341,Sociedad de Fomento Villa Marconi,s/d,37.0
329,Sociedad de Fomento Villa Mercado,300.0,37.0
367,Sociedad de Fomento Villa San Martín e Ideal,150.0,37.0
366,Sociedad de Fomento Wilde Este,s/d,37.0
325,Sociedad de Fomento y Cultura Barrio Agüero,100.0,37.0
324,Sociedad de Fomento y Cultura Gral. Lavalle,150.0,37.0
333,Sociedad de Fomento y Cultura Juan Bautista Alberdi,140.0,37.0
267,Soria,s/d,112.0
203,Stand Up Club,s/d,112.0
334,Surdanza,200.0,37.0
880,Surprise,s/d,47.0
262,Swing City,s/d,112.0
270,Tacuari Tango,100.0,112.0
810,Taller Rayuela,s/d,83.0
592,Taller de La Ribera,s/d,421.0
150,Tano Cabrón,s/d,112.0
24,Teatrarte,50.0,112.0
589,Teatro 9 de Julio ,s/d,421.0
629,Teatro Homero Manzi,s/d,505.0
836,Teatro Leonardo Favio,250.0,293.0
796,Teatro Sociedad Española,300.0,142.0
228,Ter,80.0,112.0
128,The Monkeys,s/d,112.0
779,Tierra Bomba,s/d,338.0
271,Tierra Violeta,30.0,112.0
586,Tinku Teatro Centro Cultural,s/d,418.0
947,Tiza y Karbón Espacio Cultural,s/d,90.0
978,Uhlala Café Concert,s/d,250.0
557,Unidad Barrial Social y Cultural Jesús Aguinagalde,s/d,327.0
68,Universidad Popular de Belgrano Alfredo Fazio y Biblioteca Popular,s/d,112.0
407,Unión Vecinal Garin Oeste,s/d,150.0
840,Unísono espacio de arte,s/d,442.0
142,Urda Espacio Cultural,110.0,112.0
902,Usina Cultural ,288.0,74.0
938,Ventarrón Cultural,s/d,139.0
127,Vibra,100.0,112.0
447,Viejo Almacen El Obrero,100.0,257.0
380,Vitró,s/d,43.0
83,Vuela El Pez,168.0,112.0
176,Wara Wara,s/d,112.0
133,Work,350.0,112.0
113,Xua Espacio Cultural,s/d,112.0
782,Yotivenco espacio,s/d,495.0
389,Zirkoa Espacio en movimiento,s/d,44.0
238,Zugarra Casa Cultural,s/d,112.0
878,centro cultural solidario y popular Lavalle ,s/d,14.0
766,charruarte centro socio cultural,s/d,121.0
868,sala El Angel Gris,s/d,123.0
