ID_CC,Mail
0,recepcion@oihoy.com.ar
1,
2,jbonadeo5@gmail.com
3,Eltanquecultural@Gmail.Com
4,Espacioculturalurbano@Gmail.Com
5,Hugo.Enjoy@Gmail.Com
6,
7,
8,centroculturalraices@yahoo.com.ar
9,Alcarajobarcultural@Gmail.Com
10,Info@Atlantix.Com.Ar
11,
12,787Aguero@Gmail.Com
13,
14,Silviasargoni@Yahoo.Com
15,Arielbelont_Web@Hotmail.Com
16,Sickclub@Hotmail.Com
17,Julieta.Moldero@Gmail.Com
18,Culturalsimona@Gmail.Com
19,Habilitaciones27@Gmail.Com
20,
21,Consultas@Casadearcos.Com.Ar
22,
23,Resurgimiento@Fibertel.Com.Ar
24,Gladuran@Yahoo.Com.Ar
25,
26,
27,Elculturalmasala@Gmail.Com
28,Lainstalacion@Yahoo.Com.Ar
29,Juani_Marinati@Hotmail.Com
30,
31,davidprotte@hotmail.com
32,Caballito@Hastinapura.Org.Ar
33,
34,espaciobelgrado@gmail.com
35,asociacionmutualhomeromanzi@gmail.com
36,Gracielaschettini@Hotmail.Com
37,
38,Pablo-Avalos0@Hotmail.Com
39,Elbardekowalski@Gmail.Com
40,Ritmossabrosos@Gmail.Com
41,Holagransur@Gmail.Com
42,madriguerainstitucional@gmail.com
43,infoelsurco@gmail.com
44,Info.Bolivar@Gmail.Com
45,anadevanna@gmail.com
46,Mada.2014.Bs@Gmail.Com
47,Noraromero2001@Yahoo.Com.Ar
48,Jonilosi@Gmail.Com
49,Info@Moebiuseditora.Com
50,Tvalenzuela2588@Gmail.Com
51,elhormigueroorg@gmail.com
52,
53,
54,camargo1020espaciodearte@gmail.com
55,Info@Clubpremier.Org.Ar
56,
57,
58,Cktrivenchi@Gmail.Com
59,Cculturalsur@Yahoo.Com.Ar
60,Ccelcantaro@Gmail.Com
61,Coordinacion@Elmasacaclub.Com
62,
63,germanlperez@yahoo.com
64,
65,Seguilapolilla@Gmail.Com
66,
67,pedrocriscolo@hotmail.com
68,informes@upebe.com.ar
69,Dottore.Malatesta@Hotmail.Com
70,Marianaalzaga@Gmail.Com
71,informesarena@yahoo.com.ar
72,
73,Info@Ecbenigno.Com.Ar
74,clases@cecam.com.ar
75,Cangrejoshouse@Gmail.Com
76,
77,Arzuanomellidense@Gmail.Com
78,maria.telez@gmail.com
79,Ramiroroballos@Gmail.Com
80,Centroculturallatinoamericana@Gmail.Com
81,
82,Felizaculturaarcoiris@Gmail.Com
83,Elmaildelpez@Gmail.Com
84,Dintitucional.Arbol@Gmail.Com
85,grupodeteatrocomunitariodepompeya@yahoo.com.ar
86,Azucarabasto@Hotmail.Com
87,Guscanzobre@Gmail.Com
87,Parquecentenario@Hastinapura.Org.Ar
88,laquincecultural@gmail.com
89,secretaria@centrocultural.coop
90,Amigarzabal@Gmail.Com
91,Rodcarrizo@Gmail.Com
92,G_Balbiani@Hotmail.Com
93,Emmanuelraggi@Hotmail.Com
93,Planbrestobar@Hotmail.Com
94,
95,prensaconti@gmail.com
96,Beethovencafe@Outlook.Com
97,Chacradelosremedios@Gmail.Com
98,
99,Lisa@Brandon.Org.Ar
99,Info@Brandon.Org.Ar
100,Anet_Mat@Hotmail.Com
101,
102,
103,Casa.Dasein@Gmail.Com
104,Msonemblum@Gmail.Com
105,Jaimebreard@Gmail.Com
106,
107,otrahistoriasala@gmail.com
108,
109,
110,Runakay.Kudaw@Gmail.Com
110,Alfredalessio@Gmail.Com
111,Evaholc@Hotmail.Com
112,centroenjambre@gmail.com
113,xuaespaciocultural@gmail.com
114,Hugo.Enjoy@Gmail.Com
115,Estudio.Pgbaires@Gmail.Com
116,esquinarebelde@gmail.com
117,Mariarinaldi@Hotmail.Com
118,
119,augustozaquetti@gmail.com
120,Cristobalm18@Hotmail.Com
121,Contacto@Ccciencia.Gob.Ar
122,Contacto@Escuelajuanrodo.Com.Ar
123,Salomonemartin@Gmail.Com
124,
125,
126,ladrandoestamos@gmail.com
127,Vibra.Culturamov@Gmail.Com
128,
129,mvicec@gmail.com
130,Aquilesodisea@Gmail.Com
130,Caballito@Hastinapura.Org.Ar
131,Escuelaganesh@Hastinapura.Org.Ar
132,
133,Nerinabarros@Gmail.Com
134,espaciopichuco@gmail.com
135,Asociacioncalabresa@Asociacioncalabresa.Org.Ar
136,Feelingmultiespacio@Gmail.Com
137,Centroculturalrichards@Gmail.Com
138,Mavidetta@Gmail.Com
139,Info@Congoclubcultural.Com.Ar
140,Laherreriacultura@Gmail.Com
141,Comunitariacasona@Gmail.Com
142,Jpcipriota@Gmail.Com
143,Quemastango@Yahoo.Com
144,Arieljasovich@Gmail.Com
145,
146,
147,
148,
149,Jjcircuitocultural@Gmail.Com
150,tanocabron.info@gmail.com
151,espacioek@gmail.com
152,info@gungur.com
153,ccmarcodelpont@buenosaires.gov.ar
154,espaciolaescalera@fibertel.com.ar
155,Axel@Doup.Com.Ar
156,ccnuestraamerica@hotmail.com
157,teatrofraymocho2003@yahoo.com.ar
158,casailda@yahoo.Com
159,
160,
161,Pablo@Onplayproducciones.Com.Ar
162,Www@Gorritiartcenter.Com
163,
164,Contacto@Espaciosuenios.Com
165,vallexar@gmail.com
166,Info@La-Confiteria.Com
167,Rafabinaghi@Gmail.Com
167,Comunicacionlatribu@Gmail.Com
168,
169,Familiamarechal@Gmail.Com
170,
171,Cristian.Adrian.C@Outlook.Com
172,gonzalopombo79@gmail.com
173,Info@Luzuriaga.Club
173,Moniszal@Gmail.Com
174,Ponchoclubcultural@Gmail.Com
175,arqueoterra1@gmail.com
176,
177,
178,
179,lamingaclubcultural@gmail.com
180,Lasmilyunartes@Yahoo.Com.Ar
181,Lulicorre@Hotmail.Com
181,Batacazocultural@Gmail.Com
182,Espaciolineasdefuga@Gmail.Com
183,Partidoaestrada@Gmail.Com
184,Bonustrackespacio@Gmail.Com
185,
186,casaclorinda@gmail.com
187,Clubcaledonia@Gmail.Com
188,Lapazarriba@Gmail.Com
189,Contacto@Culturamoran.Com
190,fernandodhaini@yahoo.com.ar
191,Dhpicotto@Gmail.Com
192,Roberto1Pezzano@Gmail.Com
193,ccleonleon@gmail.com
194,Santiagocordero@Gmail.Com
195,
196,
197,quetrenquetrencultural@hotmail.com
198,Info@Lacomunidaddelsotano.Com.Ar
199,gonzaloarbutti@gmail.com
200,espacio@laborando.com.ar
201,Sachamovil@Gmail.Com
201,Multiespaciokorova@Gmail.Co
202,Alebilotte@Hotmail.Com
203,info@standupclubrecoleta.com
204,info.cceba@aecid.es
205,Scala@Lascala.Org.Ar
206,Espaciocreativoelectronica@Gmail.Com
207,contacto@area623.com.ar
208,Multiespaciopasco@Gmail.Com
209,fidelguigui@gmail.com
210,
211,
212,
213,Espaciocultural@Sanandres.Org.Ar
214,Info@clasicofernandez.com.ar
215,Info@Eluniversalespaciocultural.Com
216,
217,
218,info@ccmatienzo.com.ar
219,holaestudiokalo@gmail.com
220,
221,lafabricaciudadcultural@infovia.com.ar
222,Liliana_Olmo@Yahoo.Com.Ar
223,eloceanario@gmail.com
224,Complejocultural@Atsa.Org.Ar
225,Marian-Silvi@Hotmal.Com
226,
227,Adrianfermanelli@Gmail.Com
228,Agusdp84@Hotmail.Com
229,Elpuente9810@Hotmail.Com
230,especialvideobar@gmail.com
231,tintarojaec@gmail.com
232,showslachilinga@gmail.com
233,
234,terraza.cultural.hidalgo@gmail.com
235,celestesafiras@gmail.com
236,clubculturalmaleza@gmail.com
237,lapeatonal.espaciocultural@gmail.com
238,zugarramurdi.aquelarrecultural@gmail.com
239,nicolascremonese@gmail.com
240,
241,lamuda609@gmail.com
242,921.Casacultural@Gmail.Com
243,Eltipograficoac@Gmail.Com
244,Boedo@Hastinapura.Org.Ar
244,Caballito@Hastinapura.Org.Ar
245,
246,
247,Tarekhaiek@Hotmail.Com
248,
249,Otrodivague@Gmail.Com
250,Estudioarqi.Tearte@Gmail.Com
250,Artexxi.Danza@Gmail.Com
251,amaramatalleres@gmail.com
252,
253,Hola@Caff.Com.Ar
254,
255,naranjaverdearte@gmail.com
256,
257,Casaelmate@Gmail.Com
258,Ccgsm@Buenosaires.Gob.Ar
259,
260,info@ciudadculturalkonex.org
261,
262,
263,Nicolasperezcosta@Hotmail.Com
264,Aldomariano@Webzero.Com.Ar
265,
266,prosvita.argentina@gmail.com
267,Mpettinari@Hotmail.Com
268,Infosociedadluz@Gmail.Com
269,argentina@annefrank.nl
270,
271,info@tierra-violeta.com.ar
272,Lacasa@Lacasacasting.Com
273,Quivillacrespo@Gmail.Com
274,cclasenda@gmail.com
275,Vhvargas2003@Yahoo.Com.Ar
275,Info@Ccelsueniero.Com.Ar
276,Cc25Comunicacion@Gmail.Com
277,
278,info@domusartis.com.ar
279,
280,elsabato@econ.uba.ar
281,info@espaciodospuntos.com.ar
282,floressolidario@gmail.com
283,Laturbabarcultural@Gmail.Com
284,Listasmaxim@Gmail.Com
285,Emartingoroso@Gmail.Com
285,Hola@Elgalpon.Com
286,Chaucheclu@Gmail.Com
287,Oliveriocc@Gmail.Com
288,info@ccborges.org.ar
289,
290,
291,teatrobar@yahoo.com
292,info@dynart.com.ar
293,Aratrelles@Yahoo.Com.Es
294,
295,galponpiedrabuenarte@hotmail.com
296,cultura@adolfoalsina.gov.ar
297,cultura@alberti.gov.ar
298,
299,consultas@culturaldeadrogue.com.ar
300,marcelo@hecultura.com
301,infolosbemoles@gmail.com
302,ema@brown.gob.ar
303,
304,profeadrianabronzatti@gmail.com
305,landasabaris@gmail.com
306,silviimarcellino@gmail.com
307,deshorasclub@gmail.com
308,info@lacasaclaypole.org.ar
309,
310,casadechamigos@gmail.com
311,msumacri@yahoo.com.ar
312,bmquetglas@gmail.com
313,infolacasadelflaco@gmail.com
314,
315,
316,colectivocieloabierto@gmail.com
317,
318,centroculturaljustolynch@gmail.com
319,ccpatasarriba@gmail.com
319,horacioformoso@gmail.com
320,matias_perrotta@hotmail.com
321,puntoculturalmda@gmail.com
322,
323,
324,sfomentogenerallavalle@gmail.com
325,
326,
327,clubsanmartindesarandi@gmail.com
328,
329,alejandramendez@outlook.com
330,
331,
332,
333,marisaines2010@hotmail.com
334,surdanza@gmail.com
335,uniondewilde@hotmail.com
336,
337,sdefhonoryfuerza@gmail.com
338,carlinocultural@gmail.com
339,soledadcaimi@hotmail.com
340,manugauna@hotmail.com
341,
342,ccavgerli@gmail.com
343,
344,kamajpacha_circo@hotmail.com.ar
345,sandramartinez004@gmail.com
346,
347,pabloma@hotmail.com
348,casaculturalrayuela@gmail.com
349,
350,lacallelarga@hotmail.com
351,contacto@fundacionislamaciel.org
352,
353,nosotrossomosellos@hotmail.com
354,ccj.azurduy@gmail.com
355,
356,ccarmandolabollita@gmail.com
357,puntoculturalmda@gmail.com
358,
359,info@salondelcarmen.com.ar
360,
361,sfmanuelocampo@gmail.com
362,irieveloso@gmail.com
363,sarandiarteespaciocultural@gmail.com
364,fernandabirman071@gmail.com
365,centromunicipaldearte@gmail.com
366,guidojaviermasso@gmail.com
367,
368,
369,
370,
371,Rial@yahoo.com.ar
372,ccavgerli@gmail.com
373,federicofalcone@live.com.ar
374,mariano_bragan@hotmail.com
375,ccj.azurduy@gmail.com
376,
377,rukakimun@hotmail.com
378,espaciokanika@gmail.com
379,
380,
381,espacioporelarte@gmail.com
382,cclapanaderia@googlegroup.com
383,espacioculturalmotorcolectivo@hotmail.com
384,pezdoradoespaciocultural@gmail.com
385,espaciohamaca@live.com.ar
386,
387,
388,
389,melissavalenti9@gmail.com
390,
391,agustina.bellasartes@gmail.com
392,
393,
394,mmcatolica@gmail.com
395,elmolinocultural@gmail.com
396,
397,
398,
399,isidoroarte@gmail.com
400,
401,
402,chavo_etche@hotmail.com
403,radosmbues@gmail.com
404,
405,facundofidelgomez@gmail.com
406,
407,
408,agtedesco@hotmail.com
409,Ignaciodevedia@gmail.com
410,eventos1.estebanecheverria@gmail.com
411,
412,alejandro_manzo@hotmail.com
413,mundodios@gmail.com
414,clubtri@trimarchidg.net
415,difusionamericalibre@gmail.com
416,programacion@cultura-mgp.com.ar
417,amartcultura@gmail.com
418,
419,lascanodigital@gmail.com
420,casaintermitente@gmail.com
421,ameghino.rodriguez@gmail.com
422,
423,malenavald@gmail.com
424,marioacruz83@hotmail.com
425,complejoculturalplaza@gmail.com
426,
427,
428,bibliocarcova.comunicacion@gmail.com
429,
430,cclabemba@gmail.com
431,culturalpavlova@gmail.com
432,info@ccespacios.com
433,
434,ragno.santiago@gmail.com
435,
436,
437,ceciliamaluli@gmail.com
438,centroculturaljcp@gmail.com
439,pensarjunin@gmail.com
440,javiermattioli@gmail.com
441,
442,
443,mauro84.mr@gmail.com
444,acartecontodos@gmail.com
445,casadeculturavillaelisa@gmail.com
446,crisoleslp@gmail.com
447,viejoalmacenelobrero@gmail.com
448,info@tallerdebuenamadera.com.ar
449,
450,calleuno.cultura@gmail.com
451,espacioelsotano@gmail.com
452,perezmariamelina@gmail.com
453,
454,
455,culturalfavero@yahoo.com.ar
456,laberintocasaclub@gmail.com
457,estacionprovincial_talleres@yahoo.com.ar
458,elfaldon@gmail.com
459,
460,
461,prismaespaciocreativo@gmail.com
462,ultreyanat@gmail.com
463,
464,corazonresidencia@gmail.com
465,
466,conventillo.cultura@gmail.com
467,
468,pollocanevaro@hotmail.com
469,espaciodoblet@gmail.com
470,lacasa.estudiodanza@gmail.com
471,bicicleteriacreacioncolectiva@gmail.com
472,
473,multiespacio46@gmail.com
474,casalealtadperonista@gmail.com
475,l_revas@yahoo.com.ar
476,cccasaunclan@gmail.com
477,casalasalamanca@yahoo.com.ar
478,
479,palo.torello@gmail.com
480,hermanoszaragozalp@gmail.com
481,estudiocipae@gmail.com
482,
483,cc.elamorylaigualdad@gmail.com
484,casapulsarcultura@gmail.com
485,barataria@sinectis.com.ar
486,
487,artealataque@gmail.com
488,lagran7arteycultura@hotmail.com
489,enesoestamo@gmail.com
490,eljuanalaplata@gmail.com
491,
492,ccploshornos@hotmail.com
493,cphugobacci@gmail.com
494,rudaespacio@gmail.com
495,lamacachacentrocultural@gmail.com
496,
497,espaciosudaka@gmail.com
498,
499,
500,ciudadviejalp@gmail.com
501,galpondelasartesmeridianov@gmail.com
502,viejoalmacenelobrero@gmail.com
503,barcarlotto@gmail.com
504,vecindadnacionalypopular@gmail.com
505,elfavio.cultural@gmail.com
506,
507,eljacarandacasadecultura@gmail.com
508,lacaipoprod@gmail.com
509,movidadelocos@gmail.com
510,elpuentearteycultura@gmail.com
511,
512,centroculturalmaca@gmail.com
513,
514,elgalpondetolosa@yahoo.com.ar
515,centroculturalmaca@gmail.com
516,
517,
518,
519,casadelaculturadelobos@gmail.com
520,cosecha.espaciomusical@gmail.com
521,
522,cclzfiorito@lomasdezamora.gov.ar
523,karisavich@hotmail.com
524,ccpadremugica@gmail.com
525,info@ccnomeolvides.com.ar
526,cuatroxxi@gmail.com
527,
528,
529,cccantinflas@gmail.com
530,tallereslatroupecirco@gmail.com
531,asterisco.espacio@gmail.com
532,programacionensamble@gmail.com
533,elrefugiodebanfield@gmail.com
534,contacto@estudioceta.com.ar
535,
536,juanignaciomontana.31@gmail.com
537,
538,
539,lilianaestelalopez@hotmail.com.ar
540,laculturaldumer@gmail.com
541,
542,
543,vaneascher@hotmail.com
544,merlo@suteba.org.ar
545,
546,
547,laantiguacultural@gmail.com
548,laura.alem@yahoo.com
549,
550,
551,
552,sabrinagosp@gmail.com
553,elgalpondehaedo@gmail.com
554,lapuertacreativahaedo@gmail.com
555,lacasitarte@hotmail.com
556,info@culturaldiscepolo.org
557,pachu196266@gmail.com
558,veronica_paulucci@hotmail.com
559,
560,fernandacanggianelli@hotmail.com
561,layumbaolavarria@gmail.com
562,macondoolav@gmail.com
563,
564,casadelaculturapergamino@hotmail.com
565,galpondelarte@yahoo.com.ar
566,info@serenartepilar.com.ar
567,mediavueltaclub@gmail.com
568,cculturaveronica@gmail.com
569,camunedithnora@yahoo.com
570,julieta.caceres89@gmail.com
571,cc.edugaleano@gmail.com
572,
573,gayosoana65@gmail.com
574,viajetiteres@yahoo.com
575,comunidadcontempo@gmail.com
576,
577,
578,artenpie@hotmail.com
579,espondaburumariano@gmail.com
580,
581,
582,sejope77@gmail.com
583,
584,
585,mansillarh@yahoo.com.ar
586,tinku.teatro1@gmail.com
587,estacion1857@gmail.com
588,Lorena_gomez21@hotmail.com
589,
590,info@crearvalelapena.org.ar
591,
592,tdelaribera@gmail.com
593,
594,latroupedelaire@hotmail.com
595,cooplascanaletas@yahoo.com.ar
596,jime.spotti@gmail.com
597,daniel.gamarra.fusion@gmail.com
598,
599,lacompatandil@hotmail.com.ar
600,admsipymes@gmail.com
601,marianelavallazza@gmail.com
602,salondanestandil@gmail.com
603,macanudorestobar@gmail.com
604,jorgetripiana2019@gmail.com
605,analiaumpierrez@gmail.com
606,sociedad_italiana_tigre@hotmail.com
607,alasdetigre@gmail.com
608,casadelasartestigre@gmail.com
609,
610,asodefomento.martincoronado@gmail.com
611,info@acarteyvida.com.ar
612,raicescompaneras@gmail.com
613,
614,
615,
616,bcentrocultural@aol.com
617,radiocaseros@hotmail.com
618,jcgatto@yahoo.com.ar
619,centroculturallacasadetodxs@gmail.com
620,lagalerita@gmail.com
621,estudiodedanzasmv@gmail.com
622,info@forodelascienciasylasartes.com
623,tiemposdmemoria@gmail.com
624,joaquin.noya@gmail.com
625,
626,culturavtelopez@arnet.com.ar
627,centroculturalelfaro@gmail.com
628,lagalpona@yahoo.com
629,
630,culturaascasubi@gmail.com
631,beatrizcar24@hotmail.com
632,ipetersen@luronet.com.ar
633,
634,policarpohost@gmail.com
635,cachalahueca@yahoo.com.ar
636,
637,lanubecatamarca@gmail.com
638,recorremundos@gmail.com
639,lacasitaartecatamarca@gmail.com
640,
641,marinesmarinaro@gmail.com
642,casadelaculturageneralroca@gmail.com
643,ccultural.patriagrande@gmail.com
644,contactanos@elgalponclubdesalud.com
645,brunocat83@hotmail.com
646,bruja.multiespacio@gmail.com
647,ccytcvilladolores@gmail.com
648,
649,almazenna@gmail.com
650,espaciourdacba@gmail.com
651,casonamunicipalcordoba@gmail.com
652,frescavirutatiteres@gmail.com
653,centroculturalcordoba@gmail.com
654,aubritluis@hotmail.com
655,laburbujacirco@gmail.com
656,cculturalvillaellibertador@gmail.com
657,chateau.cultura@gmail.com
658,
659,jakydance@yahoo.com.ar
660,irradiandoelartedeeducar@gmail.com
661,discepolincc@gmail.com
662,lavacaresponde@ccec.org.ar
663,comunicacion.cccp@gmail.com
664,
665,info@xn--universodesueos-brb.es
666,comarcadecreadores@gmail.com
667,laparisinacasadearte@gmail.com
668,totolopez2013@gmail.com
669,
670,lacolectivacba@gmail.com
671,
672,centroculturalgeneralpaz@gmail.com
673,
674,ccaltacba@yahoo.com.ar
675,
676,estudio_e@hotmail.com
677,ccsanvicente@hotmail.com
678,
679,clubsocialydeportivoaguadeoro@gmail.com
680,danielguardia@gmail.com
681,picodetinta@gmail.com
682,buenavistaprensa@gmail.com
683,
684,
685,casaazulcentrocultural@gmail.com
686,
687,arteenelparque@salsipuedes.gov.ar
688,culturayeducacion@unquillo.gov.ar
689,recododelsol@gmail.com
690,
691,culturasms@hotmail.com.ar
692,
693,culturayturismo@deanfunes.gob.ar
694,
695,alejoledesma@live.com.ar
696,cultura.arias@gmail.com
697,miriam.cuenca@hotmail.com
698,eduardodsolana@gmail.com
699,emcamposn2@gmail.com
700,edenhotellafalda@gmail.com
701,rosmary-1943@hotmail.com
702,holisticoallaarriba@gmail.com
703,fernando2martin@yahoo.com.ar
704,yamilaboruso@gmail.com
705,
706,patricialonso2011@gmail.com
707,
708,mixturariocuarto@hotmail.com
709,
710,
711,
712,contacto@fundacionyupanqui.com.ar
713,
714,centroculturalmew@gmail.com
715,
716,
717,munisanbartolo@hotmail.com
718,sociedaditaliana@coopmorteros.com.ar
719,
720,cineclucasero@gmail.com
721,direcciondecultura@altagracia.gov.ar
722,eltallerdegatucho@hotmail.com
723,contacto@fundacionholderlin.com.ar
724,nelly-aimar@hotmail.com
725,espacioculturalcoliseo@gmail.com
726,
727,ccflotante@gmail.com
728,lapepinierecorrientes@gmail.com
729,
730,fundacionculturaltangara@gmail.com
731,
732,anibalmagnetico@yahoo.com.ar
733,
734,
735,carloswerlen@yahoo.com.ar
736,diegofiguer@gmail.com
737,culturadebarranqueras@gmail.com
738,camalotecentrocultural@gmail.com
739,
740,nanassuenabien@gmail.com
741,
742,nido.centro@gmail.com
743,prensa.casadelasculturas@gmail.com
744,consultas.maracuya@gmail.com
745,barretojosefeliciano23@gmail.com
746,
747,cecupo07@gmail.com
748,cecual.info@gmail.com
749,
750,estusiasmaarteenmadryn@gmail.com
751,eltabladocentrocultural@gmail.com
752,espaciopiramides@gmail.com
753,cecil.cuis@gmail.com
754,bf_eze@hotmail.com
755,marialauraenglish@gmail.com
756,centrocultural@comodoro.gov.ar
757,mariajulietamiranda87@gmail.com
758,actitudpandora@gmail.com
759,alechiplesbil@gmail.com
760,francoventuricultura@gmail.com
761,redesculturachubut@gmail.com
762,mensajerodelarbol@gmail.com
763,carlos_cambag@hotmail.com
764,centroculturallabotica@gmail.com
765,fundacionelfarocultural@gmail.com
766,charruarte@hotmail.com.ar
767,cultura@chajari.gov.ar
768,federacioncultura@yahoo.com.ar
769,
770,sonialujana@yahoo.com.ar
771,
772,amigoscasaculturaentrerios@yahoo.com.ar
773,virciancastillo@gmail.com
774,
775,laviejausina@entrerios.gov.ar
776,difusionindependiente@gmail.com
777,prensa@culturaparana.gov.ar
778,parientesdelbarcultural@gmail.com
779,
780,
781,alianzafrancesa.cdelu@gmail.com
782,marifefranco@yahoo.com
783,congreso601@gmail.com
784,ramiroluissalinas@hotmail.com
785,lolocanflyy@gmail.com
786,grupomozartformosa@yahoo.com
787,
788,
789,
790,centroculturaltizon@gmail.com
791,produccionesflg@gmail.com
792,
793,
794,casadelasletrasjujuy@gmail.com
795,
796,socespjujuy@hotmail.com
797,centroculturalcoquena@gmail.com
798,lamarencochejujuy@gmail.com
799,
800,
801,lau_preyra@live.com.ar
802,tantanakuy@arnet.com.ar
803,
804,
805,lacampanateatral@gmail.com
806,cicchittiana@yahoo.com.ar
807,
808,
809,artepropiosr@gmail.com
810,
811,
812,
813,culturayeducaciongp@gmail.com
814,tachimanera@hotmail.com
815,
816,
817,
818,casaqumanta@gmail.com
819,serimpecable@hotmail.com
820,
821,cculturalisraelitamza@gmail.com
822,espaciocontemporaneodearte@gmail.com
823,info@centrecatalan.com.ar
824,multitallerdeartesyoficios@gmail.com
825,
826,damianibazeta@hotmail.es
827,centroculturalmatesis@yahoo.com.ar
828,andremarias@yahoo.com.ar
829,noelibaiardi@gmail.com
830,mayoleva@yahoo.com.ar
831,guilleservera@gmail.com
832,espacioculturalleparc@gmail.com
833,lacasitacolectiva@gmail.com
834,
835,elorigendei@gmail.com
836,teatrochacras@gmail.com
837,teatromartinmontero1@gmail.com
838,
839,cearsanrafael@gmail.com
840,unisonoarteydiseno@yahoo.com
841,
842,
843,
844,direcciondeaccionypc@gmail.com
845,solalba@live.com
846,
847,
848,
849,
850,
851,gaby_bersuit13@hotmail.com
852,accedealdesarrollo@yahoo.com.ar
853,
854,marhedman@yahoo.com
855,murgadelmonte@yahoo.com.ar
856,federacion@fiestadelinmigrante.com.ar
857,espacioyopara@gmail.com
858,
859,
860,arpilleranqn@yahoo.com.ar
861,casamuseogregorioalvarez@gmail.com
862,
863,culturanqn@neuquen.gov.ar
864,info@fundacionfabricadeartistas.org
865,
866,academiadesafios@hotmail.com
867,contacto@laconrado.com.ar
868,
869,Lilian.r.costantino@ypf.com
870,
871,artexfactum@gmail.com
872,tallermanta@gmail.com
873,
874,cccotesma@smandes.com.ar
875,cultura@villalaangostura.gov.ar
876,cultura@zapala.gob.ar
877,
878,
879,centrogaleano@gmail.com
880,eventos@surprise.com.ar
881,
882,centroculturalpuentes@gmail.com
883,creartebrc@gmail.com
884,circopoliscentrocultural@outlook.com
885,lacasitaazulbariloche@gmail.com
886,caraduplacirco@hotmail.com
887,casadelaculturacatriel@gmail.com
888,libertadoresdeamericalatina@gmail.com
889,
890,comunicacion.culturacipo@gmail.com
891,casadelaculturagr@gmail.com
892,danzalibre@hotmail.com
893,cultura@generalroca.gov.ar
894,dychuergo@gmail.com
895,culturasao@yahoo.com.ar
896,arq.pmarcon@gmail.com
897,
898,colectivomingasalta@gmail.com
899,
900,
901,fundacionraicesnuevas@yahoo.com.ar
902,agendausina@gmail.com
903,
904,
905,
906,
907,culturaoran@gmail.com
908,fabiopzpz@hotmail.com
909,elcaederodesancarlos@gmail.com
910,awawabm@hotmail.com
911,auditoriojuanvictoria@sanjuan.gov.ar
912,lacasarojacontacto@gmail.com
913,
914,patriciasespacio@gmail.com
915,
916,
917,lateteratallerdeceramica@gmail.com
918,carrizodayana2827@gmail.com
919,elbarro.centrocultural@gmail.com
919,abertazzo@hotmail.com
920,
921,estebanlsanchez@yahoo.com.ar
922,multiespacio.coloniarte@gmail.com
923,portal271cc@gmail.com
924,casadelpoeta.aea@gmail.com
925,sfamigosdemerlo@gmail.com
926,
927,bettylucero78@gmail.com
928,ccpuenteblanco@gmail.com
929,vicos333@hotmail.com
930,
931,lamostrijaus@gmail.com
932,eugeniaojedapizzi@gmail.com
933,
934,
935,penadianabeatriz@gmail.com
936,jbpardo@hotmail.com
937,subsec.cultura@mlhsc.gob.ar
938,josesilvadelsur@gmail.com
939,josesilva@argentina.com
939,eliasexequiel@outlook.com.ar
940,andresfernandezcabral@hotmail.com
941,risolia@hotmail.com.ar
942,
943,
944,lindavistarecords@gmail.com
945,culturaelcalafate@gmail.com
946,cultura@chabas.gob.ar
947,
948,cclamascara@gmail.com
949,centrocultural@rafaela.gob.ar
950,jaussespacio@gmail.com
951,comunaramona@interclass.com.ar
952,
953,rossetto.franxul@gmail.com
954,
955,clubconstitucion@gmail.com
956,gastonarcuri@hotmail.com
957,oscarmilanesi.culturasi@gmail.com
958,cultura@venadotuerto.gov.ar
959,
960,agostinaremanso@gmail.com
961,erraresdivino@gmail.com
962,comunavg_@yahoo.com.ar
963,saezluis@yahoo.com
964,elbochaderecreo@gmail.com
965,eljardindelospresentescasaarte@gmail.com
966,lacuradora@yahoo.com.ar
967,contacto@demoscce.org.ar
968,nicojc12@gmail.com
969,
970,info@purpuraproyecto.com
971,contacto@proyectotrucha.com.ar
972,programacionbirri@gmail.com
973,cencultu@gmail.com
974,salamorenosantafe@gmail.com
975,
976,cultural.roma@yahoo.com
977,ochavaroma@gmail.com
978,uhlalacafeconcert@gmail.com
979,culturatome@yahoo.com.ar
980,cultura@sauceviejo.gob.ar
981,cruxtienda@hotmail.com
982,allende_adriana@hotmail.com
983,cultura@esperanza.gov.ar
984,areajoven@franck.gob.ar
985,casadelaculturafjs@gmail.com
986,fundacionarteviva@gmail.com
987,centroculturalpuebloesther@gmail.com
988,fundacionunidosporlamusica91@gmail.com
989,progandresrosario@gmail.com
990,almadamarina1@gmail.com
991,
992,sahuira@gmail.com
993,cencultu@gmail.com
994,hola@lausinasocial.org
995,madmaespacio@gmail.com
996,rayitodesolcreciendo@gmail.com
997,agustinpoussif@hotmail.com
998,espacioluna@doblea.com.ar
999,hola@asfaltoproducciones.com
1000,clubargentinobrasileiro@hotmail.com
1001,contacto@lavarden.com.ar
1002,contacto@ccatlas.org.ar
1003,elaserraderoprensa@gmail.com
1004,
1005,distritosieterosario@gmail.com
1006,petrellisu@gmail.com.ar
1007,e.c.latorneria@gmail.com
1008,
1009,laperutaproduccion@hotmail.com.ar
1010,
1011,culturallanave@gmail.com
1012,puertodemasideas@gmail.com
1013,
1014,
1015,cencultu@gmail.com
1016,ma_giordanoprem@live.com
1017,lacasitarosario@gmail.com
1018,info@ccpe.org.ar
1019,cclatoma@gmail.com
1020,micelioexpresionproduccion@gmail.com
1021,casadelaculturasoldini@gmail.com
1022,auguizquierdo@gmail.com
1023,lilianaaro@hotmail.com.ar
1024,videlaccultural@gmail.com
1025,estacionculturalcc@gmail.com
1026,vanesad39@gmail.com
1027,info@buenas-raices.com.ar
1028,
1029,desarmaderoec@gmail.com
1030,laquintavera@gmail.com
1031,patriciaailan@hotmail.com
1032,homeromanzicentrocultural@gmail.com
1033,juanff01@hotmail.com
1034,asociacionastrosantiago@gmail.com
1035,ccb.sgodelestero@gmail.com
1036,divasantiagodelestero@gmail.com
1037,
1038,gotitasdeternuraagcm060@gmail.com
1039,
1040,juanantoniotoledo@gmail.com
1041,
1042,info@fundaetucuman.org
1043,
1044,acuarelasdelsur@gmail.com
1045,lukcuellar@gmail.com
1046,
1047,magicmusicboxtv@gmail.com
1048,centromatecocido@yahoo.com
1049,lacolorida@gmail.com
1050,
1051,
1052,
1053,ccaconquija@gmail.com
1054,
1055,dozmariano@gmail.com
1056,
1057,
1058,estefas_ali@hotmail.com
1059,estoesmagma@gmail.com
1060,cultura@riogrande.gov.ar
1061,centroculturalfadul@ushuaia.gov.ar
1062,
1063,ccnuevaargentina@gmail.com
1064,
1065,lplanetadeorigen@gmail.com
1066,
